[
    {
      "url": "./img/house1.webp",
      "type":"House",
      "status":"For Rent",
      "price": 3500000,
      "place": "Cedritos, Bogota.dc",
      "placeDescription": "Cra 45#45-20",
      "sellerPhoto":"./img/john.webp",
      "nameSeller": "Jhon Doe",
      "time": "4 months ago",
      "area": 2400,
      "garage": 2,
      "bathroom": 3,
      "beedroom": 5
    },
    {
      "url": "./img/house2.webp",
      "type":"House",
      "status":"For Rent",
      "price": 2500000,
      "place": "Cedritos, Bogota.dc",
      "placeDescription": "Cra 4#45-25",
      "sellerPhoto":"./img/lionel.webp",
      "nameSeller": "Lionel Richie",
      "time": "6 months ago",
      "area": 2300,
      "garage": 1,
      "bathroom": 3,
      "beedroom": 4
    },
    {
      "url": "./img/house3.webp",
      "type":"House",
      "status":"For Rent",
      "price": 4500000,
      "place": "vergel, Ibague",
      "placeDescription": "Cra 9#75-23",
      "sellerPhoto":"./img/john.webp",
      "nameSeller": "Jhon Doe",
      "time": "9 months ago",
      "area": 2500,
      "garage": 2,
      "bathroom": 3,
      "beedroom": 6
    },
    {
        "url": "./img/house4.webp",
        "type":"House",
        "status":"For Rent",
        "price": 2200000,
        "place": "palermo, Manizales",
        "placeDescription": "Cra 5#45",
        "sellerPhoto":"./img/miranda.webp",
        "nameSeller": "Miranda Smith",
        "time": "4 months ago",
        "area": 2400,
        "garage": 1,
        "bathroom": 3,
        "beedroom": 2
      },
      {
        "url": "./img/house5.webp",
        "type":"House",
        "status":"For Rent",
        "price": 230000,
        "place": "palermo, Manizales",
        "placeDescription": "Cra 25#45",
        "sellerPhoto":"./img/john.webp",
        "nameSeller": "Jhon Doe",
        "time": "4 months ago",
        "area": 2200,
        "garage": 2,
        "bathroom": 3,
        "beedroom": 3
      },
      {
        "url": "./img/house6.webp",
        "type":"House",
        "status":"sale",
        "price": 35000000,
        "place": "Chapinero, Bogota.dc",
        "placeDescription": "Cra 45#45",
        "sellerPhoto":"./img/miranda.webp",
        "nameSeller": "Miranda Smith",
        "time": "11 months ago",
        "area": 1400,
        "garage": 1,
        "bathroom": 3,
        "beedroom": 5
      },
      {
        "url": "./img/house7.webp",
        "type":"House",
        "status":"For Rent",
        "price": 450000,
        "place": "vergel, Ibague",
        "placeDescription": "Cra 45#45",
        "sellerPhoto":"./img/lionel.webp",
        "nameSeller": "Lionel Richie",
        "time": "14 months ago",
        "area": 1400,
        "garage": 2,
        "bathroom": 3,
        "beedroom": 3
      },
      {
        "url": "./img/house8.webp",
        "type":"House",
        "status":"For Sale",
        "price": 4590000,
        "place": "palermo, Manizales",
        "placeDescription": "Cra 45#45",
        "sellerPhoto":"./img/john.webp",
        "nameSeller": "Jhon Doe",
        "time": "41 months ago",
        "area": 2900,
        "garage": 2,
        "bathroom": 3,
        "beedroom": 6
      },
      {
        "url": "./img/house9.webp",
        "type":"House",
        "status":"For Rent",
        "price": 360000,
        "place": "vergel, Ibague",
        "placeDescription": "Cra 45#45",
        "sellerPhoto":"./img/miranda.webp",
        "nameSeller": "Miranda Smith",
        "time": "14 months ago",
        "area": 2400,
        "garage": 2,
        "bathroom": 3,
        "beedroom": 5
      },
      {
        "url": "./img/house10.webp",
        "type":"House",
        "status":"For Rent",
        "price": 450000,
        "place": "Cedritos, Bogota.dc",
        "placeDescription": "Cra 45#45",
        "sellerPhoto":"./img/lionel.webp",
        "nameSeller": "Lionel Richie",
        "time": "4 months ago",
        "area": 1000,
        "garage": 0,
        "bathroom": 1,
        "beedroom": 1
      },
      {
        "url": "./img/house11.webp",
        "type":"House",
        "status":"For Sale",
        "price": 45000000,
        "place": "Chapinero, Bogota.dc",
        "placeDescription": "Cra 45#45",
        "sellerPhoto":"./img/john.webp",
        "nameSeller": "Jhon Doe",
        "time": "4 months ago",
        "area": 2400,
        "garage": 2,
        "bathroom": 3,
        "beedroom": 5
      },
      {
        "url": "./img/house12.webp",
        "type":"House",
        "status":"For Rent",
        "price": 1500000,
        "place": "palermo, Manizales",
        "placeDescription": "Cra 45#45",
        "sellerPhoto":"./img/lionel.webp",
        "nameSeller": "Lionel Richie",
        "time": "4 months ago",
        "area": 1400,
        "garage": 1,
        "bathroom": 2,
        "beedroom": 2
      },
      {
        "url": "./img/house13.webp",
        "type":"House",
        "status":"For Sale",
        "price": 49000000,
        "place": "Chapinero, Bogota.dc",
        "placeDescription": "Cra 45#45",
        "sellerPhoto":"./img/miranda.webp",
        "nameSeller": "Miranda Smith",
        "time": "4 months ago",
        "area": 2400,
        "garage": 2,
        "bathroom": 3,
        "beedroom": 5
      },
      {
        "url": "./img/house14.webp",
        "type":"House",
        "status":"For Rent",
        "price": 400000,
        "place": "Cedritos, Bogota.dc",
        "placeDescription": "Cra 45#45",
        "sellerPhoto":"./img/lionel.webp",
        "nameSeller": "Lionel Richie",
        "time": "4 months ago",
        "area": 1000,
        "garage": 0,
        "bathroom": 1,
        "beedroom": 1
      },
      {
        "url": "./img/house15.webp",
        "type":"House",
        "status":"For Sale",
        "price": 450000000,
        "place": "Chapinero, Bogota.dc",
        "placeDescription": "Cra 45#45",
        "sellerPhoto":"./img/john.webp",
        "nameSeller": "Jhon Doe",
        "time": "25 months ago",
        "area": 2400,
        "garage": 2,
        "bathroom": 3,
        "beedroom": 5
      },
      {
        "url": "./img/house16.webp",
        "type":"House",
        "status":"For Rent",
        "price": 4000000,
        "place": "vergel, Ibague",
        "placeDescription": "Cra 45#45",
        "sellerPhoto":"./img/lionel.webp",
        "nameSeller": "Lionel Richie",
        "time": "4 months ago",
        "area": 2400,
        "garage": 2,
        "bathroom": 3,
        "beedroom": 5
      },
      {
        "url": "./img/house17.webp",
        "type":"House",
        "status":"For Sale",
        "price": 45000000,
        "place": "palermo, Manizales",
        "placeDescription": "Cra 45#45",
        "sellerPhoto":"./img/miranda.webp",
        "nameSeller": "Miranda Smith",
        "time": "4 months ago",
        "area": 2400,
        "garage": 2,
        "bathroom": 3,
        "beedroom": 5
      },
      {
        "url": "./img/house18.webp",
        "type":"House",
        "status":"For Rent",
        "price": 1200000,
        "place": "Cedritos, Bogota.dc",
        "placeDescription": "Cra 45#45",
        "sellerPhoto":"./img/john.webp",
        "nameSeller": "Jhon Doe",
        "time": "13 months ago",
        "area": 2400,
        "garage": 2,
        "bathroom": 3,
        "beedroom": 5
      },
      {
        "url": "./img/house19.webp",
        "type":"House",
        "status":"For Rent",
        "price": 4200000,
        "place": "palermo, Manizales",
        "placeDescription": "Cra 45#45",
        "sellerPhoto":"./img/lionel.webp",
        "nameSeller": "Lionel Richie",
        "time": "26 months ago",
        "area": 2400,
        "garage": 2,
        "bathroom": 3,
        "beedroom": 5
      },
      {
        "url": "./img/house20.webp",
        "type":"House",
        "status":"For Rent",
        "price": 3000000,
        "place": "Cedritos, Bogota.dc",
        "placeDescription": "Cra 45#45",
        "sellerPhoto":"./img/john.webp",
        "nameSeller": "Jhon Doe",
        "time": "4 months ago",
        "area": 2400,
        "garage": 2,
        "bathroom": 3,
        "beedroom": 3
      },
      {
        "url": "./img/house21.webp",
        "type":"House",
        "status":"For Sale",
        "price": 590000000,
        "place": "palermo, Manizales",
        "placeDescription": "Cra 45#45",
        "sellerPhoto":"./img/lionel.webp",
        "nameSeller": "Lionel Richie",
        "time": "4 months ago",
        "area": 3400,
        "garage": 3,
        "bathroom": 4,
        "beedroom": 7
      },
      {
        "url": "./img/house22.webp",
        "type":"House",
        "status":"For sale",
        "price": 9450000000,
        "place": "Chapinero, Bogota.dc",
        "placeDescription": "Cra 45#45",
        "sellerPhoto":"./img/lionel.webp",
        "nameSeller": "Lionel Richie",
        "time": "44 months ago",
        "area": 3400,
        "garage": 2,
        "bathroom": 4,
        "beedroom": 7
      },
      {
        "url": "./img/house23.webp",
        "type":"House",
        "status":"For Rent",
        "price": 4500000,
        "place": "Chapinero, Bogota.dc",
        "placeDescription": "Cra 45#45",
        "sellerPhoto":"./img/miranda.webp",
        "nameSeller": "Miranda Smith",
        "time": "2 months ago",
        "area": 2400,
        "garage": 2,
        "bathroom": 3,
        "beedroom": 5
      },
      {
        "url": "./img/house24.webp",
        "type":"House",
        "status":"For Rent",
        "price": 4500000,
        "place": "Chapinero, Bogota.dc",
        "placeDescription": "Cra 45#45",
        "sellerPhoto":"./img/john.webp",
        "nameSeller": "Jhon Doe",
        "time": "4 months ago",
        "area": 2400,
        "garage": 2,
        "bathroom": 3,
        "beedroom": 5
      },
      {
        "url": "./img/house25.webp",
        "type":"House",
        "status":"For Sale",
        "price": 450000000,
        "place": "Cedritos, Bogota.dc",
        "placeDescription": "Cra 45#45",
        "sellerPhoto":"./img/miranda.webp",
        "nameSeller": "Miranda Smith",
        "time": "22 months ago",
        "area": 2400,
        "garage": 2,
        "bathroom": 3,
        "beedroom": 5
      },
      {
        "url": "./img/house26.webp",
        "type":"House",
        "status":"For Rent",
        "price": 4500000,
        "place": "vergel, Ibague",
        "placeDescription": "Cra 45#45",
        "sellerPhoto":"./img/john.webp",
        "nameSeller": "Jhon Doe",
        "time": "4 months ago",
        "area": 2400,
        "garage": 2,
        "bathroom": 3,
        "beedroom": 5
      },
      {
        "url": "./img/house27.webp",
        "type":"House",
        "status":"For Rent",
        "price": 4500000,
        "place": "palermo, Manizales",
        "placeDescription": "Cra 45#45",
        "sellerPhoto":"./img/lionel.webp",
        "nameSeller": "Jhon Doe",
        "time": "4 months ago",
        "area": 2400,
        "garage": 2,
        "bathroom": 3,
        "beedroom": 5
      }

  ]